{
    "value": [
      {
        "id": "/subscriptions/{subscripitionId}/providers/Microsoft.ResourceHealth/events/BC_1-FXZ/impactedResources/abc-123-ghj-456",
        "name": "abc-123-ghj-456",
        "type": "Microsoft.ResourceHealth/events/impactedResources",
        "properties": {
          "targetResourceType": "Microsoft.Compute/VirtualMachines",
          "targetResourceId": "/subscriptions/4970d23e-ed41-4670-9c19-02a1d2808dd9/resourceGroups/TEST/providers/Microsoft.Compute/virtualMachines/testvm",
          "targetRegion": "westus"
        }
      },
      {
        "id": "/subscriptions/{subscripitionId}/providers/Microsoft.ResourceHealth/events/BC_1-FXZ/impactedResources/abc-123-ghj-456",
        "name": "abc-123-ghj-456",
        "type": "Microsoft.ResourceHealth/events/impactedResources",
        "properties": {
          "targetResourceType": "Microsoft.Compute/VirtualMachines",
          "targetResourceId": "/subscriptions/4970d23e-ed41-4670-9c19-02a1d2808dd9/resourceGroups/TEST/providers/Microsoft.Compute/virtualMachines/testvm",
          "targetRegion": "westus"
        }
      },
      {
        "id": "/subscriptions/{subscripitionId}/providers/Microsoft.ResourceHealth/events/BC_1-FXZ/impactedResources/abc-123-ghj-456",
        "name": "abc-123-ghj-456",
        "type": "Microsoft.ResourceHealth/events/impactedResources",
        "properties": {
          "targetResourceType": "Microsoft.Compute/VirtualMachines",
          "targetResourceId": "/subscriptions/4970d23e-ed41-4670-9c19-02a1d2808dd9/resourceGroups/TEST/providers/Microsoft.Compute/virtualMachines/testvm",
          "targetRegion": "westus"
        }
      },
      {
        "id": "/subscriptions/{subscripitionId}/providers/Microsoft.ResourceHealth/events/BC_1-FXZ/impactedResources/abc-123-ghj-456",
        "name": "abc-123-ghj-456",
        "type": "Microsoft.ResourceHealth/events/impactedResources",
        "properties": {
          "targetResourceType": "Microsoft.Compute/VirtualMachines",
          "targetResourceId": "/subscriptions/4970d23e-ed41-4670-9c19-02a1d2808dd9/resourceGroups/TEST/providers/Microsoft.Compute/virtualMachines/testvm",
          "targetRegion": "westus"
        }
      },
      {
        "id": "/subscriptions/{subscripitionId}/providers/Microsoft.ResourceHealth/events/BC_1-FXZ/impactedResources/abc-123-ghj-456",
        "name": "abc-123-ghj-456",
        "type": "Microsoft.ResourceHealth/events/impactedResources",
        "properties": {
          "targetResourceType": "Microsoft.Compute/VirtualMachines",
          "targetResourceId": "/subscriptions/4970d23e-ed41-4670-9c19-02a1d2808dd9/resourceGroups/TEST/providers/Microsoft.Compute/virtualMachines/testvm",
          "targetRegion": "westus"
        }
      },

      
      {
        "id": "/subscriptions/{subscripitionId}/providers/Microsoft.ResourceHealth/events/BC_1-FXZ/impactedResources/abc-123-ghj-456",
        "name": "abc-123-ghj-456",
        "type": "Microsoft.ResourceHealth/events/impactedResources",
        "properties": {
          "targetResourceType": "Microsoft.Compute/VirtualMachines",
          "targetResourceId": "/subscriptions/4970d23e-ed41-4670-9c19-02a1d2808dd9/resourceGroups/TEST/providers/Microsoft.Compute/virtualMachines/testvm",
          "targetRegion": "westus"
        }
      },
      {
        "id": "/subscriptions/{subscripitionId}/providers/Microsoft.ResourceHealth/events/BC_1-FXZ/impactedResources/jkl-901-hgy-445",
        "name": "jkl-901-hgy-445",
        "type": "Microsoft.ResourceHealth/events/impactedResources",
        "properties": {
          "info": [
            {
              "key": "ContainerGrp",
              "value": "xyz"
            },
            {
              "key": "UserGuid",
              "value": "guid"
            },
            {
              "key": "AplicationID",
              "value": "Abc"
            },
            {
              "key": "UserPrincipalObjectId",
              "value": "def"
            }
          ]
        }
      },
      {
        "id": "/subscriptions/{subscripitionId}/providers/Microsoft.ResourceHealth/events/BC_1-FXZ/impactedResources/wer-345-tyu-789",
        "name": "wer-345-tyu-789",
        "type": "Microsoft.ResourceHealth/events/impactedResources",
        "properties": {
          "targetResourceType": "Microsoft.Compute/VirtualMachines",
          "targetResourceId": "/subscriptions/4970d23e-ed41-4670-9c19-02a1d2808dd9/resourceGroups/Dev2/providers/Microsoft.Compute/virtualMachines/testvm2",
          "targetRegion": "westus"
        }
      }
    ],
    "nextLink": "{originalRequestUrl}?$skipToken={OpaquePageNumber}"
  }